{
  "main": {
    "id": "1475cb04aa36d527",
    "type": "split",
    "children": [
      {
        "id": "7c6cb98f8867d225",
        "type": "tabs",
        "children": [
          {
            "id": "b05d73133091c99b",
            "type": "leaf",
            "state": {
              "type": "markdown",
              "state": {
                "file": "home.md",
                "mode": "source",
                "source": false
              }
            }
          }
        ]
      }
    ],
    "direction": "vertical"
  },
  "left": {
    "id": "4b6c29f4e99d0baa",
    "type": "split",
    "children": [
      {
        "id": "9cd8be9c540dfaf4",
        "type": "tabs",
        "children": [
          {
            "id": "8af536adf621dc5b",
            "type": "leaf",
            "state": {
              "type": "file-explorer",
              "state": {
                "sortOrder": "alphabetical"
              }
            }
          },
          {
            "id": "c22dbce3feed8a78",
            "type": "leaf",
            "state": {
              "type": "search",
              "state": {
                "query": "tag:#api",
                "matchingCase": false,
                "explainSearch": false,
                "collapseAll": false,
                "extraContext": false,
                "sortOrder": "alphabetical"
              }
            }
          },
          {
            "id": "8c4fce116def61ff",
            "type": "leaf",
            "state": {
              "type": "bookmarks",
              "state": {}
            }
          }
        ]
      }
    ],
    "direction": "horizontal",
    "width": 300
  },
  "right": {
    "id": "6bd35377e7ec3a1a",
    "type": "split",
    "children": [
      {
        "id": "5e41b9ccd9dac3f7",
        "type": "tabs",
        "children": [
          {
            "id": "bbe7a16f7a91f47c",
            "type": "leaf",
            "state": {
              "type": "backlink",
              "state": {
                "file": "home.md",
                "collapseAll": false,
                "extraContext": false,
                "sortOrder": "alphabetical",
                "showSearch": false,
                "searchQuery": "",
                "backlinkCollapsed": false,
                "unlinkedCollapsed": true
              }
            }
          },
          {
            "id": "cadd13c5565817a7",
            "type": "leaf",
            "state": {
              "type": "outgoing-link",
              "state": {
                "file": "home.md",
                "linksCollapsed": false,
                "unlinkedCollapsed": true
              }
            }
          },
          {
            "id": "5aa1ffc9f7a7e22a",
            "type": "leaf",
            "state": {
              "type": "tag",
              "state": {
                "sortOrder": "frequency",
                "useHierarchy": true
              }
            }
          },
          {
            "id": "d1006f95a8cbcbfa",
            "type": "leaf",
            "state": {
              "type": "outline",
              "state": {
                "file": "home.md"
              }
            }
          }
        ]
      }
    ],
    "direction": "horizontal",
    "width": 300,
    "collapsed": true
  },
  "left-ribbon": {
    "hiddenItems": {
      "switcher:Open quick switcher": false,
      "graph:Open graph view": false,
      "canvas:Create new canvas": false,
      "daily-notes:Open today's daily note": false,
      "templates:Insert template": false,
      "command-palette:Open command palette": false
    }
  },
  "active": "b05d73133091c99b",
  "lastOpenFiles": [
    "wiki/guide/guide_for_administrators/update_version_on_server.md",
    "attachments/Screenshot_4.png",
    "home.md",
    "tasks.md",
    "features/72.md",
    "versions_pdf/v1.0.2.6.pdf",
    "versions/v1.0.2.6.md",
    "attachments/p0004.png.png",
    "attachments/p0003.png.png",
    "versions/v1.0.2.5.md",
    "versions_pdf/v1.0.2.5.pdf",
    "versions.md",
    "features/70.md",
    "attachments/t0002.png.png",
    "attachments/t0001.png.png",
    "versions/v1.0.2.4.md",
    "tasks/69.md",
    "features/69.md",
    "versions_pdf/v1.0.2.4.pdf",
    "features/58.md",
    "features/59.md",
    "features/63.md",
    "features/64.md",
    "features/65.md",
    "attachments/Pasted image 20240610124913.png",
    "attachments/Pasted image 20240610124549.png",
    "attachments/Pasted image 2024-06-06 165255.png",
    "features/57.md",
    "versions/v1.0.2.2.md",
    "versions_pdf/v1.0.2.2.pdf",
    "tasks/59.md",
    "attachments/Screenshot_4762.png",
    "versions_pdf/v1.0.2.1.pdf",
    "versions/v1.0.2.1.md",
    "features/42.md",
    "features/43.md",
    "features/44.md",
    "features/45.md",
    "features/46.md",
    "features/50.md",
    "attachments/Screenshot_4761.png",
    "versions_pdf/v1.0.2.0.pdf",
    "review",
    "specifications/SKYLOG-IMPROVEMENTS_2024.06.04.pdf",
    "specifications/SKYLOG-IMPROVEMENTS_2024-05-31.pdf",
    "versions_pdf/v1.0.1.1.pdf"
  ]
}